round_epochs,loss,mean_absolute_error,r_squared,val_loss,val_mean_absolute_error,val_r_squared,activation1,activation2,batch_size,dropout,epochs,loss,neurons1,neurons2,optimizer
7,1.4393857884346377,1.4393858,0.8027414,0.3301417631839253,0.33014175,0.9897808,<function relu at 0x7fd0526c55f0>,<function linear at 0x7fd0526c58c0>,32,0.5,20,mae,128,64,RMSprop
15,0.9046622753345531,0.90466225,0.92531574,0.46839874754102717,0.46839875,0.9798422,None,<function linear at 0x7fd0526c58c0>,128,0.1,20,mae,128,32,SGD
27,0.8565140771501847,0.85651404,0.9305067,0.3926120220134813,0.39261198,0.98573834,<function relu at 0x7fd0526c55f0>,<function linear at 0x7fd0526c58c0>,32,0.4,72,mae,64,256,Adam
28,1.0838458578499623,0.75413567,0.9393667,0.31622951334809074,0.4767587,0.97941715,None,None,16,0.4,98,mse,64,128,SGD
10,0.9084550800012066,0.90845513,0.9236785,0.35247601047326427,0.35247603,0.9883887,<function relu at 0x7fd0526c55f0>,None,32,0.1,98,mae,256,64,RMSprop
8,1.6340173225063102,0.9473103,0.9145786,0.49886489889960794,0.6145033,0.9704004,<function relu at 0x7fd0526c55f0>,<function linear at 0x7fd0526c58c0>,64,0.1,46,mse,256,32,SGD
7,1.0343820048753642,1.034382,0.90332544,0.7175481751325706,0.7175482,0.9550908,None,<function linear at 0x7fd0526c58c0>,64,0.4,46,mae,128,128,RMSprop
22,0.7835691405161647,0.78356916,0.9355711,0.8310968691554619,0.8310967,0.94639695,<function relu at 0x7fd0526c55f0>,<function linear at 0x7fd0526c58c0>,16,0.2,72,mae,32,128,SGD
28,0.8886249311350481,0.88862526,0.9057468,0.6711575695677212,0.6711575,0.9580061,<function relu at 0x7fd0526c55f0>,<function linear at 0x7fd0526c58c0>,8,0.4,124,mae,32,128,SGD
26,2.582622893995102,1.2159002,0.8539698,0.6102878153996866,0.71167564,0.95874995,<function relu at 0x7fd0526c55f0>,<function linear at 0x7fd0526c58c0>,16,0.5,124,mse,64,128,RMSprop
3,1.6892179056584986,0.98282963,0.9028741,0.45219766373828085,0.5864472,0.9711633,None,<function linear at 0x7fd0526c58c0>,16,0.5,20,mse,256,128,Adam
14,1.341852087202064,0.86735857,0.92843723,0.9796627964446023,0.92125195,0.93986076,None,<function linear at 0x7fd0526c58c0>,32,0.5,124,mse,256,128,SGD
3,3.025540959541832,1.3313042,0.8417764,0.4773520126299718,0.5546578,0.97144306,None,None,64,0.4,20,mse,64,32,SGD
22,0.9282285043301474,0.92822844,0.920219,0.3852091413453793,0.38520914,0.98629767,None,<function linear at 0x7fd0526c58c0>,64,0.5,46,mae,64,128,Adam
18,2.080357615223772,1.0897928,0.85814357,0.13140705444810083,0.29173282,0.9907465,None,None,8,0.5,72,mse,128,64,RMSprop
20,1.6990017919241118,1.6990023,0.6917451,0.32677850517408574,0.3267785,0.9886965,<function relu at 0x7fd0526c55f0>,None,16,0.5,124,mae,32,32,Adam
11,0.9574869065288774,0.9574872,0.91442406,0.3534826616132232,0.35348266,0.9880505,<function relu at 0x7fd0526c55f0>,<function linear at 0x7fd0526c58c0>,32,0.30000000000000004,72,mae,32,128,RMSprop
12,1.1049904699948403,1.1049905,0.8878383,0.44636083745794963,0.44636086,0.9814778,None,None,32,0.30000000000000004,72,mae,256,32,SGD
36,0.9316205948060402,0.93162066,0.9197501,0.32543774389790087,0.32543772,0.98979086,<function relu at 0x7fd0526c55f0>,<function linear at 0x7fd0526c58c0>,128,0.5,124,mae,64,256,Adam
11,1.364725269863826,0.8655417,0.9117081,0.2065741983883537,0.34988788,0.98553765,<function relu at 0x7fd0526c55f0>,None,8,0.5,72,mse,64,256,SGD
12,1.146462530630741,1.1464627,0.86818385,0.8215593988954617,0.82155937,0.94079924,<function relu at 0x7fd0526c55f0>,None,16,0.2,98,mae,64,32,RMSprop
11,1.0408081874390394,0.73959005,0.94445544,0.21715855154442196,0.38077968,0.9868378,None,<function linear at 0x7fd0526c58c0>,32,0.2,46,mse,32,128,Adam
7,2.4642786306279305,1.1993146,0.873214,0.3932189132101649,0.520459,0.97654605,None,None,128,0.30000000000000004,20,mse,32,32,Adam
44,0.8438905519484665,0.84389055,0.9306457,0.5409710319801055,0.54097104,0.9759459,<function relu at 0x7fd0526c55f0>,<function linear at 0x7fd0526c58c0>,32,0.30000000000000004,98,mae,64,128,SGD
11,1.1362204521363626,1.1362206,0.8781861,0.3887050229189896,0.38870504,0.98540014,None,None,32,0.5,46,mae,128,64,Adam
7,1.0652187591492877,1.0652187,0.8982273,0.5403783258815921,0.54037833,0.97657686,<function relu at 0x7fd0526c55f0>,<function linear at 0x7fd0526c58c0>,64,0.30000000000000004,20,mae,256,128,Adam
37,1.0209320118560743,1.020932,0.89798117,1.2362811487361487,1.2362812,0.8847272,None,<function linear at 0x7fd0526c58c0>,16,0.30000000000000004,124,mae,256,32,RMSprop
20,1.215158276026081,0.8209568,0.93065625,0.1643996143179607,0.3296955,0.98941505,None,None,16,0.4,124,mse,64,128,Adam
8,0.8505763842252678,0.85057646,0.932635,0.743072803214226,0.74307287,0.9588247,None,<function linear at 0x7fd0526c58c0>,64,0.4,46,mae,32,256,RMSprop
52,0.8051587051006572,0.80515873,0.9359049,0.6103148192638199,0.61031485,0.971972,None,<function linear at 0x7fd0526c58c0>,32,0.1,124,mae,64,32,RMSprop
18,0.9347751953522971,0.93477523,0.9194544,0.3233699680181981,0.32336995,0.9900119,<function relu at 0x7fd0526c55f0>,<function linear at 0x7fd0526c58c0>,128,0.1,46,mae,64,32,Adam
28,0.9522137578207118,0.95221364,0.91818607,0.7972407732537314,0.7972408,0.95539427,None,None,128,0.2,98,mae,32,32,RMSprop
15,1.7124959477132615,1.0057238,0.9083673,0.16473089023987272,0.3333698,0.9899886,None,None,32,0.2,46,mse,128,32,RMSprop
43,2.1581752923103186,1.1125295,0.88946986,0.5146029463067281,0.5913739,0.9701748,None,<function linear at 0x7fd0526c58c0>,128,0.5,124,mse,32,64,RMSprop
8,0.8777570038452505,0.8777571,0.93111587,0.29188692865737675,0.29188693,0.991324,None,<function linear at 0x7fd0526c58c0>,32,0.2,20,mae,256,256,RMSprop
13,0.9834121777608902,0.9834122,0.9100031,0.5819735502819983,0.5819735,0.97265244,None,<function linear at 0x7fd0526c58c0>,32,0.4,46,mae,64,64,Adam
6,1.062534952209196,0.75759274,0.9394116,0.2640060586665608,0.4325436,0.98369825,None,None,16,0.2,20,mse,256,256,Adam
3,1.7676928690472733,1.0147066,0.9041259,3.7694263366759495,1.8923542,0.76970625,<function relu at 0x7fd0526c55f0>,None,32,0.30000000000000004,20,mse,256,256,RMSprop
36,1.177951652130098,0.7976684,0.9395749,0.35018086958146794,0.50577956,0.97914386,None,None,128,0.5,124,mse,256,256,SGD
6,1.3260336781680533,1.3260337,0.8239584,1.3904546251684495,1.3904545,0.8674441,<function relu at 0x7fd0526c55f0>,None,16,0.4,20,mae,256,64,RMSprop
11,1.2612605398241195,0.8381739,0.9230686,0.14963969601734498,0.31267074,0.9901724,<function relu at 0x7fd0526c55f0>,None,16,0.2,72,mse,128,256,RMSprop
11,3.0028463726431966,1.296647,0.83912736,0.1779195064548445,0.3417614,0.98878956,<function relu at 0x7fd0526c55f0>,<function linear at 0x7fd0526c58c0>,32,0.4,46,mse,64,64,Adam
6,1.0076801921600402,0.70786715,0.9288473,0.23559969280999885,0.40059644,0.9828901,None,None,8,0.1,46,mse,64,256,SGD
35,1.0205668446570761,1.0205669,0.9063022,0.4402104600692172,0.4402105,0.98332953,<function relu at 0x7fd0526c55f0>,None,128,0.4,124,mae,256,128,Adam
17,2.0431092128701085,1.0775367,0.86410713,0.7466990081236002,0.8005813,0.93625593,<function relu at 0x7fd0526c55f0>,<function linear at 0x7fd0526c58c0>,8,0.30000000000000004,72,mse,64,64,Adam
7,1.0351947193129574,0.7498445,0.93357676,0.6415866763408782,0.6987593,0.9451886,None,<function linear at 0x7fd0526c58c0>,8,0.1,46,mse,256,128,Adam
32,0.6746576198892537,0.6746576,0.9523235,0.4835888524760511,0.48358884,0.9799556,None,<function linear at 0x7fd0526c58c0>,128,0.1,124,mae,128,256,SGD
17,0.8114408929536058,0.811441,0.9320704,0.9878367256902949,0.9878368,0.92280424,None,<function linear at 0x7fd0526c58c0>,16,0.2,98,mae,128,128,RMSprop
50,0.819957159352161,0.8199572,0.93581235,0.3370790634951796,0.33707908,0.9895448,<function relu at 0x7fd0526c55f0>,<function linear at 0x7fd0526c58c0>,32,0.2,124,mae,32,128,RMSprop
67,0.8530203192996413,0.85302025,0.93045044,0.3849894043823397,0.3849894,0.9862768,None,<function linear at 0x7fd0526c58c0>,64,0.30000000000000004,98,mae,32,64,SGD
21,2.1081932831659875,1.0833086,0.8899629,1.0664212313516415,0.95800656,0.9356493,None,None,64,0.5,124,mse,256,32,SGD
11,0.9750333281014307,0.97503334,0.9098241,0.9594097367527792,0.95940983,0.93022835,<function relu at 0x7fd0526c55f0>,<function linear at 0x7fd0526c58c0>,16,0.5,72,mae,128,256,Adam
45,0.8584874716727181,0.6571036,0.95133114,0.43823595254200576,0.57222134,0.97099024,<function relu at 0x7fd0526c55f0>,None,16,0.1,98,mse,32,256,SGD
19,0.8950661991085411,0.8950662,0.9255217,0.3560765861253975,0.35607663,0.98879737,None,<function linear at 0x7fd0526c58c0>,128,0.30000000000000004,46,mae,64,64,Adam
5,1.4753154390843062,1.4753153,0.7961014,0.4803927770855734,0.48039275,0.97856295,None,<function linear at 0x7fd0526c58c0>,64,0.5,46,mae,128,32,RMSprop
9,0.9247998978446559,0.92480016,0.92141175,0.3331188348964967,0.33311886,0.9890018,<function relu at 0x7fd0526c55f0>,<function linear at 0x7fd0526c58c0>,32,0.1,20,mae,128,32,RMSprop
10,0.7347539553104365,0.734754,0.9462067,0.3597226650800985,0.35972267,0.98830444,<function relu at 0x7fd0526c55f0>,<function linear at 0x7fd0526c58c0>,64,0.1,46,mae,256,128,Adam
21,1.4432523054425448,1.4432523,0.80149364,1.0804203089419122,1.0804203,0.9221563,<function relu at 0x7fd0526c55f0>,None,64,0.30000000000000004,72,mae,32,32,RMSprop
11,2.4506536025531824,1.1860422,0.8730555,0.8348878708165601,0.8139989,0.9508551,None,<function linear at 0x7fd0526c58c0>,128,0.4,98,mse,128,32,SGD
12,0.7823233739160905,0.7823231,0.9251328,0.5432347117105403,0.5432348,0.95857555,<function relu at 0x7fd0526c55f0>,None,8,0.30000000000000004,46,mae,256,256,SGD
35,1.1746470664293711,1.1746472,0.8733865,0.744962646379966,0.7449627,0.95786613,<function relu at 0x7fd0526c55f0>,<function linear at 0x7fd0526c58c0>,128,0.5,124,mae,256,128,SGD
23,1.2773707754233816,0.83698595,0.93446016,0.229536184843453,0.38664135,0.9863865,None,None,128,0.5,98,mse,64,256,SGD
9,0.9772690820481638,0.71667784,0.93483007,0.1718268500426553,0.3247711,0.98684824,<function relu at 0x7fd0526c55f0>,<function linear at 0x7fd0526c58c0>,8,0.1,46,mse,128,256,SGD
8,0.9931417964493652,0.9931417,0.90925616,0.6217091433350712,0.6217092,0.96559495,<function relu at 0x7fd0526c55f0>,<function linear at 0x7fd0526c58c0>,32,0.4,20,mae,32,256,SGD
3,1.2353552286659286,1.235355,0.8579733,0.8434696921376558,0.84346974,0.94354266,None,None,32,0.5,20,mae,256,64,RMSprop
33,0.7642903286486586,0.76429045,0.9284066,0.6585973046434114,0.6585975,0.95972335,None,<function linear at 0x7fd0526c58c0>,8,0.4,124,mae,64,128,SGD
5,0.8989688996241394,0.8989692,0.91867054,0.7807527390344418,0.78075284,0.95088637,None,<function linear at 0x7fd0526c58c0>,16,0.5,20,mae,128,256,Adam
19,1.3128480202470219,1.312848,0.84393746,0.5779620531450276,0.5779621,0.97443646,<function relu at 0x7fd0526c55f0>,None,64,0.4,72,mae,128,64,Adam
58,1.0265465342867062,1.0265464,0.9026966,0.2957838863874397,0.29578388,0.99190295,<function relu at 0x7fd0526c55f0>,None,128,0.4,124,mae,64,128,Adam
12,0.920559288840662,0.68415153,0.93741155,0.3321711738881893,0.48768637,0.9750052,None,<function linear at 0x7fd0526c58c0>,8,0.1,72,mse,32,128,Adam
17,0.8843083175513783,0.6593358,0.94987357,0.11955374264017454,0.27715686,0.992529,None,<function linear at 0x7fd0526c58c0>,16,0.1,98,mse,64,256,Adam
20,1.5964104285980303,1.5964104,0.759054,0.43763096943396745,0.43763098,0.9844845,<function relu at 0x7fd0526c55f0>,None,64,0.4,98,mae,32,32,RMSprop
8,1.2844289947708751,0.84224766,0.9282109,0.256455452393732,0.42277178,0.9832349,None,None,16,0.1,46,mse,32,32,RMSprop
3,1.9451071873269312,1.9451075,0.55126727,0.7008825888348487,0.70088273,0.94674695,<function relu at 0x7fd0526c55f0>,<function linear at 0x7fd0526c58c0>,8,0.4,20,mae,64,32,Adam
7,1.2452184968423399,0.8213565,0.91695744,0.2005178174571582,0.36445835,0.9854738,None,<function linear at 0x7fd0526c58c0>,8,0.30000000000000004,46,mse,256,64,SGD
10,1.610455177920263,1.0167059,0.91755074,0.44310443059585436,0.5603039,0.9723394,None,<function linear at 0x7fd0526c58c0>,128,0.1,72,mse,256,256,RMSprop
12,2.012693846296516,1.0682958,0.89601845,0.16533712047082846,0.32496306,0.99016297,<function relu at 0x7fd0526c55f0>,<function linear at 0x7fd0526c58c0>,64,0.4,46,mse,256,128,Adam
9,1.2619056218351925,1.2619057,0.8561849,0.6844679349970333,0.684468,0.9659647,<function relu at 0x7fd0526c55f0>,None,128,0.5,46,mae,256,128,RMSprop
11,1.1823636552254158,0.79445016,0.9388077,0.30931087561439446,0.43219435,0.9820333,None,None,128,0.1,20,mse,32,64,RMSprop
6,2.5965530850100658,1.2082579,0.8644539,0.5424924911279442,0.6369592,0.96720016,None,None,64,0.4,20,mse,256,32,SGD
10,1.4695269266764324,1.469527,0.8046847,0.8012295023582321,0.80122954,0.95512027,<function relu at 0x7fd0526c55f0>,<function linear at 0x7fd0526c58c0>,64,0.5,46,mae,256,64,RMSprop
15,0.6712519220116787,0.67125183,0.9514147,0.34848130879499034,0.3484813,0.9884017,None,None,32,0.1,72,mae,256,128,Adam
14,1.6399180792569104,0.96638024,0.8907579,0.6905837980672953,0.7515935,0.94420594,<function relu at 0x7fd0526c55f0>,<function linear at 0x7fd0526c58c0>,8,0.2,98,mse,256,64,Adam
23,1.5504959960728,0.93812156,0.9109628,0.16432259610221295,0.32814953,0.98978245,<function relu at 0x7fd0526c55f0>,None,16,0.2,124,mse,64,64,Adam
6,1.1453382148896363,1.1453382,0.8857925,0.664922912960397,0.6649229,0.9647718,None,None,64,0.5,46,mae,256,128,RMSprop
31,0.9134645385697698,0.91346437,0.91326225,0.43713443435341726,0.4371344,0.98330635,<function relu at 0x7fd0526c55f0>,<function linear at 0x7fd0526c58c0>,16,0.1,124,mae,256,32,Adam
4,1.1184941135896678,1.1184938,0.87522805,0.5194371810212361,0.5194372,0.9744081,<function relu at 0x7fd0526c55f0>,<function linear at 0x7fd0526c58c0>,16,0.4,20,mae,256,128,RMSprop
33,2.4838237206343377,1.1776036,0.8707568,0.2871563101595196,0.462436,0.98278254,None,None,64,0.4,124,mse,64,32,RMSprop
10,1.3947533857175312,0.8991574,0.9036234,0.9848969223536972,0.9152531,0.9197909,None,<function linear at 0x7fd0526c58c0>,8,0.5,72,mse,256,256,Adam
27,1.2749737204890619,0.84876966,0.9343922,0.13254318944689383,0.29343212,0.9921929,<function relu at 0x7fd0526c55f0>,<function linear at 0x7fd0526c58c0>,128,0.1,124,mse,64,64,RMSprop
24,2.731656593119724,1.2464478,0.8515936,0.17891248872263976,0.3348242,0.9888305,None,<function linear at 0x7fd0526c58c0>,32,0.4,72,mse,32,32,Adam
11,1.6006091560116251,0.9558042,0.90853316,0.3831509894630441,0.53290886,0.97490066,<function relu at 0x7fd0526c55f0>,<function linear at 0x7fd0526c58c0>,16,0.30000000000000004,98,mse,64,128,RMSprop
8,1.0625864649041412,0.7485477,0.9311681,0.28558028349758,0.41839683,0.9777503,<function relu at 0x7fd0526c55f0>,<function linear at 0x7fd0526c58c0>,8,0.1,46,mse,128,128,SGD
17,0.8356423096397957,0.83564234,0.93268853,0.38757746631351064,0.38757747,0.9860425,None,None,64,0.1,98,mae,64,32,RMSprop
3,3.7052436738422707,1.4436597,0.80150735,0.7900895834238212,0.7668088,0.9510036,<function relu at 0x7fd0526c55f0>,None,32,0.5,20,mse,64,64,SGD
36,2.0512101284217996,1.0826505,0.8925239,0.14474384400901083,0.2956393,0.99125487,None,None,64,0.5,124,mse,128,64,Adam
8,1.676201783771531,1.676201,0.66296524,0.41546015969517536,0.4154601,0.9783036,<function relu at 0x7fd0526c55f0>,<function linear at 0x7fd0526c58c0>,8,0.4,72,mae,64,32,RMSprop
3,0.8797546591770862,0.87975454,0.92314357,0.5848656685572984,0.58486575,0.9707126,None,<function linear at 0x7fd0526c58c0>,16,0.1,20,mae,32,32,RMSprop
26,0.8284963212142666,0.82849634,0.93376756,0.507164726744387,0.5071647,0.9780917,None,<function linear at 0x7fd0526c58c0>,64,0.30000000000000004,72,mae,32,128,SGD
3,2.1762685930455916,1.1287836,0.882287,1.3454515204741777,1.0785078,0.9169455,<function relu at 0x7fd0526c55f0>,<function linear at 0x7fd0526c58c0>,32,0.4,20,mse,128,128,SGD
5,1.2744236786149132,0.84221685,0.9300184,0.16083649641773232,0.32257476,0.98975337,<function relu at 0x7fd0526c55f0>,None,16,0.2,20,mse,64,256,RMSprop
17,0.6940643131682386,0.6940647,0.9409786,0.5833349932599013,0.58333504,0.9649767,None,<function linear at 0x7fd0526c58c0>,8,0.2,98,mae,256,256,SGD
14,1.6729132534590083,0.969399,0.91036093,0.23153018911051695,0.3810222,0.9861613,<function relu at 0x7fd0526c55f0>,None,32,0.5,46,mse,32,256,Adam
29,1.4546980147042246,1.4546981,0.8031339,0.35375701049111496,0.35375702,0.988903,<function relu at 0x7fd0526c55f0>,<function linear at 0x7fd0526c58c0>,128,0.5,98,mae,32,64,RMSprop
17,1.7724162583334957,1.013863,0.9012721,0.5247652432450323,0.63422924,0.96672755,None,<function linear at 0x7fd0526c58c0>,16,0.4,98,mse,256,64,RMSprop
6,1.5643832894884195,0.9506396,0.92017406,0.7852992262043749,0.7717515,0.95553064,<function relu at 0x7fd0526c55f0>,None,128,0.2,20,mse,32,128,SGD
16,1.1055441849104322,1.105544,0.84634835,0.680325637956236,0.68032557,0.9542512,<function relu at 0x7fd0526c55f0>,<function linear at 0x7fd0526c58c0>,8,0.5,124,mae,32,128,RMSprop
9,0.7351817620619563,0.7351817,0.94428957,0.33103514013656377,0.33103514,0.9900097,None,None,64,0.1,20,mae,128,64,Adam
4,1.3714655585163624,1.3714654,0.80775166,0.3972720678719118,0.39727208,0.98365635,<function relu at 0x7fd0526c55f0>,None,16,0.30000000000000004,20,mae,128,32,Adam
27,1.0868501969572848,1.0868505,0.88643515,0.8997356824358215,0.8997357,0.94229144,<function relu at 0x7fd0526c55f0>,None,32,0.2,124,mae,256,32,RMSprop
21,2.107255091396199,1.1083817,0.8575163,0.8990628974970523,0.84876317,0.92962176,<function relu at 0x7fd0526c55f0>,<function linear at 0x7fd0526c58c0>,8,0.5,124,mse,64,128,Adam
6,0.8627997591295316,0.8627995,0.92814225,0.516614593313187,0.51661456,0.9758747,None,None,32,0.2,20,mae,32,128,SGD
17,1.3236700565103154,0.86459327,0.91375774,2.446111028942513,1.487279,0.807242,<function relu at 0x7fd0526c55f0>,None,8,0.30000000000000004,124,mse,64,64,SGD
11,1.5557607853685627,0.9716964,0.92126864,0.347328523615413,0.49581861,0.97964305,None,<function linear at 0x7fd0526c58c0>,128,0.1,72,mse,256,64,RMSprop
17,1.0281604929835844,1.0281606,0.90422314,0.49965373327446844,0.4996537,0.98001564,<function relu at 0x7fd0526c55f0>,None,64,0.30000000000000004,72,mae,256,128,RMSprop
16,0.960134382567434,0.96013427,0.9137002,0.3881085010468287,0.38810855,0.9854406,<function relu at 0x7fd0526c55f0>,<function linear at 0x7fd0526c58c0>,32,0.5,46,mae,32,256,Adam
8,1.1402120676153893,0.7882533,0.9395263,1.7367219238733331,1.2742515,0.89289004,<function relu at 0x7fd0526c55f0>,<function linear at 0x7fd0526c58c0>,32,0.1,46,mse,64,256,RMSprop
20,1.7666059314850733,1.7666059,0.7017622,1.1959027783865315,1.1959027,0.8956372,<function relu at 0x7fd0526c55f0>,None,64,0.5,72,mae,32,32,SGD
10,1.587403292571012,1.5874032,0.7626856,0.3622813264484061,0.3622813,0.9885662,<function relu at 0x7fd0526c55f0>,<function linear at 0x7fd0526c58c0>,64,0.5,46,mae,64,64,RMSprop
29,1.1956477139944541,1.1956477,0.87548256,0.6590506800410441,0.65905064,0.96156526,<function relu at 0x7fd0526c55f0>,None,128,0.30000000000000004,46,mae,32,64,SGD
12,1.752874819478107,1.0003784,0.90821385,0.8105429571046248,0.8420909,0.9508053,<function relu at 0x7fd0526c55f0>,<function linear at 0x7fd0526c58c0>,64,0.2,46,mse,128,64,RMSprop
11,1.1151405825667506,1.1151404,0.8602664,0.32330322538084155,0.32330316,0.98515445,<function relu at 0x7fd0526c55f0>,None,8,0.2,72,mae,64,32,Adam
7,0.8434618377301327,0.84346193,0.93160796,0.5645285391377003,0.5645286,0.9711341,None,<function linear at 0x7fd0526c58c0>,32,0.1,46,mae,64,64,RMSprop
25,1.5064627510496273,0.92017597,0.89046973,0.4097371781518174,0.5681727,0.9534651,<function relu at 0x7fd0526c55f0>,<function linear at 0x7fd0526c58c0>,8,0.1,98,mse,128,32,Adam
6,1.4081078528144584,0.8938386,0.925405,0.19254370770389823,0.3526201,0.98812634,None,<function linear at 0x7fd0526c58c0>,32,0.4,20,mse,256,128,Adam
11,1.5039396020090106,0.92810243,0.922782,0.4335338128205078,0.5583247,0.97374034,<function relu at 0x7fd0526c55f0>,<function linear at 0x7fd0526c58c0>,128,0.4,72,mse,256,256,SGD
16,0.9367186805269696,0.9367184,0.9087536,0.3485943238433812,0.3485943,0.9880439,None,<function linear at 0x7fd0526c58c0>,16,0.30000000000000004,98,mae,128,64,RMSprop
21,2.4683000848291283,1.1912618,0.87558603,0.7751259410892598,0.8071432,0.9552736,None,None,128,0.5,46,mse,64,64,RMSprop
14,1.1445850921546736,1.1445853,0.8830282,0.3661130130560081,0.36611298,0.9874773,None,<function linear at 0x7fd0526c58c0>,64,0.5,46,mae,128,64,Adam
36,0.759102893593556,0.7591029,0.9436154,0.38329067247715815,0.38329068,0.9870719,<function relu at 0x7fd0526c55f0>,None,128,0.1,72,mae,32,64,Adam
24,1.5663921418485245,1.5663917,0.61522,0.7701161869761637,0.77011627,0.94669336,<function relu at 0x7fd0526c55f0>,<function linear at 0x7fd0526c58c0>,8,0.5,124,mae,32,32,Adam
10,1.1097768300968878,1.1097773,0.8766225,0.740204567295703,0.7402046,0.9571053,<function relu at 0x7fd0526c55f0>,<function linear at 0x7fd0526c58c0>,16,0.30000000000000004,46,mae,128,64,SGD
17,0.699477728794347,0.69947773,0.94843996,0.396402014566598,0.39640203,0.9852856,None,<function linear at 0x7fd0526c58c0>,32,0.1,46,mae,256,128,SGD
12,1.1921778995673267,1.1921772,0.8300998,0.3974622475239816,0.3974622,0.9173525,<function relu at 0x7fd0526c55f0>,None,8,0.5,72,mae,128,128,RMSprop
3,1.5510316375608257,0.94419026,0.8943355,0.35640753398630476,0.4995245,0.97031295,<function relu at 0x7fd0526c55f0>,<function linear at 0x7fd0526c58c0>,8,0.1,20,mse,32,32,Adam
7,0.7009859803473171,0.7009858,0.935359,0.2900673449039459,0.29006737,0.98770505,None,None,8,0.1,46,mae,128,256,Adam
13,0.9811257180569029,0.70787376,0.9496485,0.20999938717141378,0.36999786,0.9874877,None,<function linear at 0x7fd0526c58c0>,128,0.2,72,mse,256,256,SGD
28,0.9481582657779244,0.9481582,0.9190935,0.4256781780961943,0.4256782,0.9841097,<function relu at 0x7fd0526c55f0>,<function linear at 0x7fd0526c58c0>,128,0.30000000000000004,98,mae,64,128,Adam
7,0.9918974227476565,0.7147809,0.9492819,0.2854837452315854,0.4400872,0.9834365,None,<function linear at 0x7fd0526c58c0>,128,0.1,20,mse,128,256,Adam
28,0.6332236002621963,0.6332236,0.95586175,0.2978111095810582,0.29781112,0.9915405,None,None,128,0.1,98,mae,64,256,Adam
31,0.8026942623379475,0.8026942,0.9407452,0.4320728723001803,0.4320729,0.9846347,None,None,64,0.2,124,mae,128,256,RMSprop
12,1.0103930134809653,1.010393,0.9042774,0.6896376909843686,0.6896376,0.9603852,<function relu at 0x7fd0526c55f0>,None,32,0.5,72,mae,64,256,SGD
21,1.0184332888393306,0.7394151,0.9456873,0.130742719998209,0.28332853,0.9917116,None,None,32,0.4,124,mse,64,256,Adam
7,1.0237778885269488,1.023778,0.9075656,0.8317804754991295,0.8317805,0.9483006,None,None,128,0.30000000000000004,46,mae,32,64,RMSprop
6,0.7082825042212586,0.7082828,0.9436735,0.3838008572231835,0.38380092,0.9840972,None,None,16,0.1,46,mae,256,128,SGD
40,0.7605567271169512,0.7605567,0.94410264,0.29603395767459484,0.29603398,0.9915744,None,None,64,0.30000000000000004,124,mae,256,128,Adam
57,0.8800039526969321,0.66641295,0.95065224,0.7740798976028477,0.80661815,0.94657755,None,None,16,0.2,124,mse,256,128,SGD
11,1.2049680274861458,0.81386006,0.9377416,0.557434829443895,0.66231495,0.9667565,<function relu at 0x7fd0526c55f0>,<function linear at 0x7fd0526c58c0>,64,0.30000000000000004,98,mse,128,256,SGD
9,1.4974108296395157,1.4974108,0.7991262,1.4330288882180207,1.433029,0.873064,<function relu at 0x7fd0526c55f0>,None,128,0.5,46,mae,128,64,RMSprop
14,0.9535717818320455,0.7078947,0.93838656,0.20667839847488273,0.37631187,0.9831214,<function relu at 0x7fd0526c55f0>,None,8,0.1,46,mse,256,256,Adam
21,1.1712920334098498,1.1712918,0.87222445,0.6513354124387822,0.6513354,0.9649814,<function relu at 0x7fd0526c55f0>,<function linear at 0x7fd0526c58c0>,64,0.30000000000000004,46,mae,256,64,SGD
14,0.9651762280452039,0.7097378,0.9466936,0.21311539172722577,0.38087225,0.9854169,None,<function linear at 0x7fd0526c58c0>,16,0.2,72,mse,128,256,Adam
27,0.7990119061902785,0.7990119,0.93963456,0.2974067024937064,0.2974067,0.99190766,None,<function linear at 0x7fd0526c58c0>,64,0.4,124,mae,32,256,Adam
15,1.011981652690962,1.0119816,0.91080046,0.46834890258500594,0.4683489,0.9823197,<function relu at 0x7fd0526c55f0>,None,128,0.4,46,mae,128,256,RMSprop
21,0.8138759198382914,0.8138758,0.9254404,0.8158575659680851,0.8158575,0.89823043,None,None,8,0.30000000000000004,72,mae,256,128,RMSprop
36,1.0276426059700252,1.0276427,0.8951311,0.8360024465933341,0.83600247,0.94575244,<function relu at 0x7fd0526c55f0>,<function linear at 0x7fd0526c58c0>,16,0.30000000000000004,124,mae,64,64,RMSprop
30,0.9256944211991386,0.9256944,0.92232966,0.3291217818620781,0.32912177,0.9896863,None,None,64,0.30000000000000004,98,mae,32,64,Adam
18,1.0117191188511352,1.0117193,0.8782124,0.9681963110615922,0.96819615,0.91741645,None,<function linear at 0x7fd0526c58c0>,8,0.4,124,mae,128,64,RMSprop
15,2.171499758882984,1.1233478,0.8868853,0.31977447820301785,0.46899688,0.98073995,None,<function linear at 0x7fd0526c58c0>,64,0.5,72,mse,128,64,Adam
28,0.8877373930253246,0.66237664,0.9536475,0.13237902374084592,0.289306,0.99196297,None,<function linear at 0x7fd0526c58c0>,64,0.1,72,mse,128,128,Adam
8,0.7122599789912262,0.71226,0.94546187,0.3308888020553115,0.33088884,0.98993546,<function relu at 0x7fd0526c55f0>,None,32,0.1,20,mae,256,256,Adam
40,1.11922173018775,0.7770274,0.94205695,0.25365967150466434,0.4085917,0.9845362,None,<function linear at 0x7fd0526c58c0>,128,0.2,98,mse,32,128,RMSprop
4,1.2334568001032886,0.81816924,0.9367693,0.3882286728908461,0.51239556,0.9782598,None,None,128,0.1,20,mse,64,64,SGD
49,0.6504647499226837,0.6504647,0.951063,0.2888560288377594,0.288856,0.9903068,None,None,16,0.2,124,mae,32,256,Adam
16,1.6806632248499922,0.9695188,0.90540427,0.3454656536705607,0.48608112,0.9779486,None,None,16,0.4,124,mse,64,64,Adam
13,0.938971093390532,0.9389709,0.916715,0.42770932759442126,0.42770934,0.98302996,<function relu at 0x7fd0526c55f0>,<function linear at 0x7fd0526c58c0>,32,0.30000000000000004,46,mae,32,128,SGD
5,0.8163928549809412,0.81639266,0.9311117,0.3297628823575263,0.3297629,0.98884207,None,None,16,0.4,20,mae,64,256,Adam
32,1.3618266288257435,0.87765545,0.9292673,0.29032905049975244,0.4430882,0.9825915,<function relu at 0x7fd0526c55f0>,<function linear at 0x7fd0526c58c0>,64,0.4,46,mse,32,256,Adam
13,1.1422366477150954,1.1422367,0.8834446,0.859377055216589,0.8593771,0.947883,<function relu at 0x7fd0526c55f0>,None,64,0.2,98,mae,128,32,RMSprop
24,1.4827260986235913,0.9105372,0.9235166,0.13343588200568077,0.28654906,0.99205595,None,None,64,0.2,72,mse,128,32,Adam
24,0.7793869178511512,0.77938694,0.9416715,0.4916683631879751,0.49166834,0.9782653,<function relu at 0x7fd0526c55f0>,None,128,0.1,46,mae,128,256,SGD
8,2.0499347713258533,1.0879587,0.8829579,0.24376664117281377,0.41996062,0.98454183,<function relu at 0x7fd0526c55f0>,<function linear at 0x7fd0526c58c0>,16,0.2,72,mse,64,32,RMSprop
22,1.862578292889955,1.0338867,0.8676239,0.24729254121974145,0.4168533,0.979879,<function relu at 0x7fd0526c55f0>,None,8,0.2,98,mse,32,32,RMSprop
5,0.7655189939734287,0.7655191,0.92842036,0.7681253018282337,0.7681253,0.8462697,None,<function linear at 0x7fd0526c58c0>,8,0.1,46,mae,64,256,RMSprop
5,1.277014105677908,1.2770143,0.85743254,0.7692027654389495,0.76920277,0.9460185,<function relu at 0x7fd0526c55f0>,<function linear at 0x7fd0526c58c0>,128,0.5,20,mae,64,128,RMSprop
12,1.2440062066677569,0.83051264,0.93432266,0.26854912119310004,0.41044423,0.983489,<function relu at 0x7fd0526c55f0>,<function linear at 0x7fd0526c58c0>,32,0.2,72,mse,128,128,Adam
29,1.596630031219269,0.9442261,0.9184852,0.8073605955588898,0.8022129,0.9517378,None,None,128,0.1,124,mse,256,32,RMSprop
11,1.1370723041515416,0.7894632,0.9340035,0.4477894090906492,0.5862165,0.9700557,None,None,16,0.2,46,mse,32,64,SGD
7,1.903773616591786,1.0522921,0.9017164,0.20529745478796904,0.3720895,0.9878005,<function relu at 0x7fd0526c55f0>,None,64,0.2,20,mse,256,64,RMSprop
48,1.1010997473839685,0.7724346,0.94378823,0.19978963262475102,0.3556739,0.98787266,None,None,128,0.4,124,mse,32,256,RMSprop
19,1.1947099163028727,0.81378156,0.9244362,0.28711123243142467,0.46228853,0.97428674,<function relu at 0x7fd0526c55f0>,None,8,0.1,72,mse,256,64,Adam
8,1.4983574451785455,0.9244303,0.8987002,0.36844969629972296,0.5256974,0.9720344,<function relu at 0x7fd0526c55f0>,None,8,0.30000000000000004,46,mse,256,128,Adam
15,2.5687842773521625,1.2067503,0.8668432,0.18603056702872162,0.3535944,0.9886709,<function relu at 0x7fd0526c55f0>,None,64,0.5,46,mse,128,128,RMSprop
9,1.5455024528543861,0.92692864,0.9167006,0.30033680540982544,0.44355258,0.9815688,<function relu at 0x7fd0526c55f0>,None,32,0.2,72,mse,32,64,SGD
23,0.7399867496013237,0.7399864,0.9316434,0.4728598502500332,0.47285986,0.97217864,None,<function linear at 0x7fd0526c58c0>,8,0.1,72,mae,256,64,Adam
17,1.1073910919562349,1.107391,0.8854394,0.5471466621615279,0.5471466,0.97610897,None,<function linear at 0x7fd0526c58c0>,32,0.30000000000000004,72,mae,32,32,RMSprop
12,1.0913331109755517,0.7636686,0.94366246,0.41912508811423255,0.5541251,0.974219,<function relu at 0x7fd0526c55f0>,<function linear at 0x7fd0526c58c0>,64,0.1,72,mse,256,128,SGD
17,1.021838157433792,0.7315088,0.9442949,0.1448521186212923,0.29915532,0.99115306,<function relu at 0x7fd0526c55f0>,<function linear at 0x7fd0526c58c0>,32,0.2,72,mse,64,256,SGD
14,0.8337840950013825,0.833784,0.9330683,0.5942067116431673,0.59420675,0.9697176,<function relu at 0x7fd0526c55f0>,<function linear at 0x7fd0526c58c0>,32,0.30000000000000004,72,mae,64,256,SGD
32,1.2587857862161922,0.85775864,0.93460274,0.22864608126892194,0.3931263,0.98534924,None,<function linear at 0x7fd0526c58c0>,128,0.30000000000000004,124,mse,64,256,RMSprop
39,1.403828246599542,0.8965904,0.9263681,0.21647981222946003,0.37148643,0.9870978,None,None,64,0.30000000000000004,98,mse,32,64,Adam
15,1.7010314518663214,0.9807871,0.9086968,0.19020772370474065,0.3507659,0.98826903,<function relu at 0x7fd0526c55f0>,<function linear at 0x7fd0526c58c0>,32,0.30000000000000004,98,mse,64,128,RMSprop
20,1.0102698486472106,0.7333048,0.9464826,0.17756387302084378,0.3321853,0.98884636,None,None,32,0.30000000000000004,98,mse,128,256,Adam
4,1.338745027906921,0.8566236,0.9307898,0.4198053556559586,0.53140974,0.9744171,<function relu at 0x7fd0526c55f0>,<function linear at 0x7fd0526c58c0>,64,0.1,20,mse,64,128,SGD
4,1.9802658646869093,1.0693394,0.88798285,0.3302124088827697,0.47790143,0.9787798,<function relu at 0x7fd0526c55f0>,<function linear at 0x7fd0526c58c0>,16,0.4,20,mse,256,128,Adam
42,1.2114489953127627,0.8262855,0.9368621,0.18666158159080531,0.34361625,0.9888125,<function relu at 0x7fd0526c55f0>,None,64,0.2,124,mse,64,128,Adam
22,0.6805084033776786,0.68050843,0.9458487,0.3235228690013929,0.32352287,0.99008375,None,None,16,0.1,72,mae,64,128,Adam
21,1.0530350411514593,0.7482219,0.9433796,1.11009973489404,0.9844331,0.9310454,None,<function linear at 0x7fd0526c58c0>,32,0.4,98,mse,128,256,SGD
31,0.7238425113974839,0.7238425,0.9472659,0.3470353753249209,0.34703538,0.9886513,None,None,128,0.1,46,mae,32,64,Adam
9,0.7879296418870274,0.78792965,0.94014907,0.483468324013273,0.48346832,0.9795962,None,None,64,0.4,20,mae,32,256,Adam
12,0.8020549754503928,0.80205524,0.932776,0.6972308606918456,0.697231,0.95987934,None,<function linear at 0x7fd0526c58c0>,16,0.4,72,mae,64,256,SGD
3,1.0665453170395383,1.0665455,0.8825048,0.3814015551291524,0.38140157,0.9860241,<function relu at 0x7fd0526c55f0>,<function linear at 0x7fd0526c58c0>,16,0.1,20,mae,64,32,RMSprop
14,0.8294111747070325,0.829411,0.9344936,0.3354447011081144,0.33544466,0.9893936,None,<function linear at 0x7fd0526c58c0>,32,0.4,46,mae,128,128,Adam
24,1.0583437336411285,1.0583438,0.89061636,0.2936498448084493,0.29364985,0.99158573,<function relu at 0x7fd0526c55f0>,<function linear at 0x7fd0526c58c0>,32,0.30000000000000004,124,mae,64,64,RMSprop
27,3.2757341507838076,1.3599038,0.8284101,0.27591258388340606,0.45163414,0.9834009,<function relu at 0x7fd0526c55f0>,None,64,0.30000000000000004,98,mse,64,32,Adam
10,0.924362858338716,0.68068326,0.93981594,0.9284400824230358,0.887181,0.9012586,None,None,8,0.1,98,mse,128,256,SGD
9,2.065713488519748,1.0756534,0.8927399,0.7600221750967658,0.7787143,0.9536802,<function relu at 0x7fd0526c55f0>,<function linear at 0x7fd0526c58c0>,64,0.2,72,mse,256,32,SGD
3,1.0770552228121963,1.0770553,0.8871928,0.6351074102769856,0.63510746,0.96660477,<function relu at 0x7fd0526c55f0>,<function linear at 0x7fd0526c58c0>,16,0.30000000000000004,20,mae,256,128,RMSprop
7,1.0466550556757979,0.7411337,0.9324109,0.8550686024919859,0.853953,0.9362462,<function relu at 0x7fd0526c55f0>,None,8,0.1,46,mse,32,128,SGD
9,0.8734648493106735,0.87346476,0.91193473,0.7421569696398406,0.7421569,0.943273,None,<function linear at 0x7fd0526c58c0>,8,0.2,46,mae,128,64,RMSprop
18,1.4023913758806095,1.4023914,0.81854415,0.6358446419642687,0.6358447,0.97049505,<function relu at 0x7fd0526c55f0>,<function linear at 0x7fd0526c58c0>,128,0.4,46,mae,256,64,Adam
35,0.7554437726407459,0.75544375,0.94583803,0.3482792516056087,0.34827924,0.98936623,None,None,128,0.30000000000000004,98,mae,256,128,Adam
27,1.0770424045274782,0.7496373,0.94410795,0.21565067058357643,0.37491378,0.9870635,None,<function linear at 0x7fd0526c58c0>,128,0.1,98,mse,64,64,SGD
18,1.1478850751533864,1.1478848,0.83302957,0.7299736330525332,0.7299737,0.9591265,<function relu at 0x7fd0526c55f0>,<function linear at 0x7fd0526c58c0>,64,0.1,46,mae,64,32,SGD
36,1.0236398820860897,1.0236399,0.90330833,0.6536963883425797,0.6536964,0.96732825,<function relu at 0x7fd0526c55f0>,<function linear at 0x7fd0526c58c0>,32,0.4,124,mae,32,128,Adam
9,1.5154852061275712,1.5154855,0.71302557,0.5251625616851833,0.5251626,0.9644332,<function relu at 0x7fd0526c55f0>,None,8,0.5,46,mae,64,64,Adam
9,1.7794791394315401,1.0194095,0.9069749,0.31790665545528146,0.48121893,0.9811276,<function relu at 0x7fd0526c55f0>,<function linear at 0x7fd0526c58c0>,64,0.30000000000000004,46,mse,256,128,RMSprop
10,2.228561702878724,1.112105,0.8826292,0.3951323819483376,0.53069174,0.9757759,<function relu at 0x7fd0526c55f0>,None,32,0.4,72,mse,128,64,SGD
12,2.304862812881858,1.1455728,0.86738783,0.13593111087990667,0.2958184,0.991443,<function relu at 0x7fd0526c55f0>,<function linear at 0x7fd0526c58c0>,16,0.2,46,mse,64,32,Adam
26,0.8693530261263794,0.86935306,0.9309854,0.5121393835436948,0.5121394,0.9777427,None,<function linear at 0x7fd0526c58c0>,128,0.1,124,mae,256,32,SGD
7,2.7569441843882165,1.2531532,0.85075736,0.2024210061768646,0.36876372,0.987512,None,<function linear at 0x7fd0526c58c0>,32,0.4,20,mse,64,32,RMSprop
11,0.9797672688506032,0.97976726,0.912473,0.5619387889016024,0.5619388,0.97462374,<function relu at 0x7fd0526c55f0>,<function linear at 0x7fd0526c58c0>,64,0.5,20,mae,256,256,Adam
26,1.0647707567870162,1.0647709,0.8944302,0.687915273094823,0.6879152,0.96530545,None,None,32,0.30000000000000004,124,mae,128,32,Adam
5,2.9489386464904386,1.3102696,0.8050637,0.5471301524149376,0.6493022,0.959062,None,<function linear at 0x7fd0526c58c0>,8,0.4,20,mse,128,32,Adam
18,1.085257509080306,0.75718975,0.93801755,1.2320911017820475,1.0469265,0.91806537,None,<function linear at 0x7fd0526c58c0>,16,0.5,124,mse,64,256,SGD
38,0.8430210874685299,0.8430211,0.92722815,0.7998410082563051,0.79984105,0.9525267,None,None,16,0.4,124,mae,64,64,SGD
20,1.2812832722328193,0.8447938,0.93352,0.2754746629072366,0.41697937,0.9835106,<function relu at 0x7fd0526c55f0>,None,64,0.2,46,mse,256,128,Adam
18,1.158817813444987,0.7968142,0.9271769,0.4405671954154968,0.56806964,0.955823,<function relu at 0x7fd0526c55f0>,<function linear at 0x7fd0526c58c0>,8,0.2,124,mse,128,64,SGD
29,0.8277217403521874,0.8277217,0.9329606,0.8577283441885869,0.8577283,0.94748,None,<function linear at 0x7fd0526c58c0>,32,0.4,124,mae,256,128,Adam
8,4.675669367582339,1.621571,0.75777483,0.12658359910914377,0.2726184,0.9923878,<function relu at 0x7fd0526c55f0>,None,128,0.30000000000000004,20,mse,128,32,RMSprop
34,1.2547417933704288,1.2547423,0.82389927,1.3019531819944188,1.3019534,0.8468045,<function relu at 0x7fd0526c55f0>,<function linear at 0x7fd0526c58c0>,8,0.5,124,mae,128,32,SGD
24,1.557507393216561,0.93954724,0.91386116,0.6647516890653907,0.74868566,0.9571664,None,<function linear at 0x7fd0526c58c0>,16,0.30000000000000004,98,mse,256,64,RMSprop
16,1.3768756585772306,1.3768758,0.8058389,0.5953550358927276,0.595355,0.97042996,<function relu at 0x7fd0526c55f0>,None,16,0.4,98,mae,32,64,RMSprop
14,0.9141958766917843,0.678349,0.951362,0.1496879141567523,0.30411923,0.99081,None,<function linear at 0x7fd0526c58c0>,32,0.2,72,mse,256,256,Adam
7,1.3326862747129289,0.8609936,0.9246176,0.2504570609627136,0.40318558,0.9841177,None,<function linear at 0x7fd0526c58c0>,16,0.2,20,mse,32,64,RMSprop
8,2.297735978224401,1.1528473,0.8812385,0.1984310104400256,0.35401246,0.98808885,None,<function linear at 0x7fd0526c58c0>,128,0.30000000000000004,20,mse,64,32,RMSprop
8,1.1087228003146792,1.108723,0.87988734,0.48283398104305997,0.48283395,0.9788152,<function relu at 0x7fd0526c55f0>,<function linear at 0x7fd0526c58c0>,16,0.4,46,mae,128,128,Adam
37,0.8534927593134944,0.85349274,0.9335069,0.5295924760956259,0.52959245,0.9778373,None,None,128,0.5,124,mae,32,256,RMSprop
44,0.9548317645948958,0.6970408,0.9510137,0.1398533936211541,0.30268395,0.991778,None,<function linear at 0x7fd0526c58c0>,128,0.30000000000000004,124,mse,128,256,Adam
25,0.676863236483929,0.6768632,0.94743234,0.329237238077224,0.32923725,0.98808956,<function relu at 0x7fd0526c55f0>,<function linear at 0x7fd0526c58c0>,16,0.1,124,mae,128,256,SGD
9,0.9699147097431471,0.9699149,0.9139092,0.4311805154884373,0.4311805,0.9832927,None,None,32,0.30000000000000004,46,mae,64,64,RMSprop
16,1.5975611311990998,0.95063066,0.91804636,0.9282513237968255,0.8860757,0.9441267,None,<function linear at 0x7fd0526c58c0>,128,0.2,72,mse,32,32,SGD
12,1.1099537609996586,0.77257806,0.94067895,0.19741709957542591,0.36953932,0.98793584,None,None,32,0.4,46,mse,256,256,Adam
6,0.8504738599390576,0.8504738,0.90745664,0.37832828024171006,0.37832835,0.98367256,<function relu at 0x7fd0526c55f0>,None,8,0.1,20,mae,32,64,RMSprop
11,0.7600838312969256,0.7600839,0.9383751,0.5314911689365421,0.5314912,0.97222126,None,<function linear at 0x7fd0526c58c0>,16,0.30000000000000004,72,mae,32,256,RMSprop
15,0.8432344036955668,0.8432341,0.92045534,0.4351095511466601,0.43510965,0.8590535,<function relu at 0x7fd0526c55f0>,<function linear at 0x7fd0526c58c0>,8,0.4,98,mae,256,256,SGD
10,1.5942131930028514,1.5942131,0.7615106,0.48705108440218337,0.48705107,0.9803263,<function relu at 0x7fd0526c55f0>,<function linear at 0x7fd0526c58c0>,64,0.4,20,mae,32,32,Adam
24,1.0142778466069364,0.7329895,0.94765484,0.6578712588508296,0.7382093,0.9603671,None,<function linear at 0x7fd0526c58c0>,64,0.1,72,mse,64,256,RMSprop
25,0.7735227220537705,0.77352273,0.92752373,0.5328899531816521,0.53288996,0.97110844,<function relu at 0x7fd0526c55f0>,<function linear at 0x7fd0526c58c0>,8,0.2,124,mae,256,256,RMSprop
37,1.0425477987937344,1.042548,0.8864024,0.47953670880595395,0.47953668,0.97908306,<function relu at 0x7fd0526c55f0>,<function linear at 0x7fd0526c58c0>,16,0.5,98,mae,256,128,RMSprop
22,0.7697677520294125,0.7697677,0.941429,0.44224063672007613,0.44224063,0.98183066,None,<function linear at 0x7fd0526c58c0>,32,0.4,98,mae,128,256,SGD
10,0.8696320974493148,0.8696321,0.927729,0.664910060557501,0.66491,0.9642521,None,<function linear at 0x7fd0526c58c0>,32,0.1,72,mae,128,32,RMSprop
27,0.9791676683684746,0.9791675,0.90826035,0.6291949631936394,0.62919503,0.96925175,<function relu at 0x7fd0526c55f0>,<function linear at 0x7fd0526c58c0>,32,0.4,72,mae,32,128,SGD
10,1.0317079819189077,1.031708,0.9050837,1.249619511395491,1.2496195,0.8760394,None,None,128,0.5,46,mae,64,128,RMSprop
16,0.8339266139536818,0.8339266,0.9344324,0.4420460974524306,0.4420461,0.982565,None,None,64,0.4,46,mae,256,256,SGD
15,0.898646035166086,0.898646,0.90844023,0.568804119362519,0.5688041,0.96744066,<function relu at 0x7fd0526c55f0>,<function linear at 0x7fd0526c58c0>,8,0.4,72,mae,256,256,Adam
5,1.1342217145681988,1.1342217,0.8585982,0.46986580924309673,0.4698657,0.9764519,None,None,8,0.30000000000000004,20,mae,256,32,Adam
43,1.329841297192529,0.85420406,0.9246114,1.3674897380660942,1.1209273,0.9105832,None,None,16,0.30000000000000004,124,mse,128,64,RMSprop
22,1.156584467192238,0.7997799,0.9354919,1.0941385582392156,0.90406114,0.9309998,None,<function linear at 0x7fd0526c58c0>,16,0.30000000000000004,98,mse,32,128,RMSprop
13,1.5038832102517539,0.92509675,0.91898626,0.19418520075069323,0.3551585,0.9881806,None,None,32,0.5,46,mse,128,128,Adam
4,1.4939192770091632,0.9234468,0.90107185,0.5837373220220915,0.65765345,0.95776266,<function relu at 0x7fd0526c55f0>,<function linear at 0x7fd0526c58c0>,8,0.2,20,mse,64,128,RMSprop
24,0.931592052371144,0.931592,0.895832,0.4327841881435558,0.4327842,0.9782901,<function relu at 0x7fd0526c55f0>,<function linear at 0x7fd0526c58c0>,8,0.30000000000000004,98,mae,32,64,SGD
18,0.7973289172259097,0.79732895,0.9400717,0.49482238238875,0.49482235,0.9794181,None,<function linear at 0x7fd0526c58c0>,128,0.5,46,mae,128,256,Adam
15,0.7066780396747427,0.70667803,0.9455523,0.6608211025427481,0.6608211,0.96222174,None,None,16,0.1,98,mae,32,256,RMSprop
6,1.6447139936953505,0.9700348,0.9053593,0.9931017283526823,0.855887,0.93394977,<function relu at 0x7fd0526c55f0>,<function linear at 0x7fd0526c58c0>,16,0.4,46,mse,64,256,RMSprop
8,3.07402384594601,1.3313711,0.82771015,1.72756857473748,1.2476994,0.8798156,<function relu at 0x7fd0526c55f0>,<function linear at 0x7fd0526c58c0>,16,0.5,46,mse,256,32,SGD
22,0.7203159868161085,0.72031605,0.9485487,0.34577908721788203,0.34577906,0.98910844,None,None,128,0.2,46,mae,256,256,SGD
15,0.7305636096041116,0.7305636,0.9467258,0.3639817500222079,0.36398178,0.9878176,None,None,64,0.1,46,mae,256,64,Adam
18,2.058824439085167,1.0767684,0.88964236,0.19360556078414615,0.34401086,0.98798573,None,None,32,0.5,46,mse,128,64,Adam
17,1.0830505047944565,1.0830504,0.8891842,0.6377346666348976,0.6377347,0.96667945,None,<function linear at 0x7fd0526c58c0>,32,0.5,72,mae,32,64,SGD
11,1.0703603353563054,0.7653518,0.94091064,0.8000588761495414,0.8031887,0.9468869,None,<function linear at 0x7fd0526c58c0>,16,0.2,20,mse,64,256,RMSprop
18,1.5612611922295645,0.9330302,0.9167199,0.5285887402013516,0.650387,0.9676985,<function relu at 0x7fd0526c55f0>,<function linear at 0x7fd0526c58c0>,32,0.2,72,mse,128,32,SGD
40,0.8980282695744379,0.68119115,0.9510905,0.44143327323900655,0.5854631,0.9723733,<function relu at 0x7fd0526c55f0>,<function linear at 0x7fd0526c58c0>,16,0.1,124,mse,32,256,RMSprop
20,1.5757190790896298,0.94763243,0.91747797,0.15179672157791343,0.31455237,0.9908571,<function relu at 0x7fd0526c55f0>,None,128,0.30000000000000004,98,mse,128,128,RMSprop
45,0.9417622564099823,0.6944436,0.95205015,0.24233421965861698,0.39621937,0.98497,None,None,128,0.30000000000000004,98,mse,64,256,Adam
14,1.4890996289516123,0.9137581,0.922943,0.23666637348805808,0.3961883,0.9858287,<function relu at 0x7fd0526c55f0>,None,64,0.30000000000000004,72,mse,32,128,SGD
10,2.5776949865116316,1.1998074,0.8618811,0.14711289444168857,0.2981936,0.99045235,<function relu at 0x7fd0526c55f0>,None,32,0.2,46,mse,128,32,Adam
27,0.7045069300491391,0.7045071,0.9372088,0.3106988978237923,0.31069893,0.9886509,<function relu at 0x7fd0526c55f0>,<function linear at 0x7fd0526c58c0>,8,0.1,124,mae,64,256,RMSprop
30,4.374847862253359,1.5611688,0.77516496,0.25817752106464203,0.41640574,0.9846913,<function relu at 0x7fd0526c55f0>,None,128,0.5,124,mse,32,64,Adam
14,0.9558355633336877,0.9558356,0.91275704,0.5045199224695933,0.5045199,0.9792921,None,<function linear at 0x7fd0526c58c0>,32,0.5,46,mae,256,128,Adam
10,0.8800730016193115,0.88007313,0.90634185,0.4002310664605341,0.40023097,0.98045725,None,None,8,0.30000000000000004,72,mae,256,64,SGD
29,1.4862684318835298,0.920115,0.9220676,0.17366211274407517,0.33463103,0.9897965,<function relu at 0x7fd0526c55f0>,<function linear at 0x7fd0526c58c0>,64,0.30000000000000004,124,mse,64,128,Adam
20,2.087418843569444,1.0908159,0.8893038,0.856195988558216,0.86762655,0.9485933,<function relu at 0x7fd0526c55f0>,<function linear at 0x7fd0526c58c0>,32,0.30000000000000004,124,mse,128,64,Adam
10,0.9017468389057325,0.90174663,0.916985,0.5125000780242291,0.5125001,0.9769222,None,None,16,0.30000000000000004,46,mae,32,64,Adam
13,1.0141276972490008,0.7350577,0.9429552,1.8070182921385927,1.2990986,0.885536,None,None,16,0.2,98,mse,32,256,RMSprop
25,0.6636826234717204,0.66368264,0.9532102,0.3016086351252571,0.3016086,0.9913939,None,<function linear at 0x7fd0526c58c0>,64,0.2,124,mae,64,256,Adam
42,1.8772185152116927,1.0339925,0.8931345,0.12978958898554,0.28341618,0.99130327,None,None,16,0.5,98,mse,128,64,RMSprop
8,1.4915887314551355,0.9214148,0.89799476,0.17031256163295183,0.32972482,0.98795384,None,None,8,0.4,46,mse,128,128,RMSprop
16,0.9462637610107888,0.9462637,0.9174296,0.3090866868033097,0.30908668,0.9911522,None,<function linear at 0x7fd0526c58c0>,64,0.4,72,mae,64,128,RMSprop
12,0.7515216620924919,0.7515214,0.9394736,0.5455039382384539,0.545504,0.9731113,None,None,16,0.2,72,mae,64,256,RMSprop
10,1.8284651217974273,1.0175498,0.90527695,0.37183091387522677,0.5020245,0.9783881,<function relu at 0x7fd0526c55f0>,None,128,0.5,72,mse,64,256,SGD
7,1.3769589314731732,0.8926749,0.9225512,5.639216960149209,2.190659,0.6352619,None,None,16,0.2,20,mse,256,128,RMSprop
16,1.3473238410132735,0.8624132,0.92382145,0.1200049887190554,0.27229986,0.9923433,<function relu at 0x7fd0526c55f0>,<function linear at 0x7fd0526c58c0>,16,0.1,98,mse,32,32,Adam
16,1.2606370657101034,0.8368462,0.91356355,0.19564882719691667,0.3433504,0.98509264,<function relu at 0x7fd0526c55f0>,<function linear at 0x7fd0526c58c0>,8,0.2,124,mse,32,128,RMSprop
29,0.8043633110195626,0.80436325,0.9325303,0.389048486611644,0.3890485,0.9856018,<function relu at 0x7fd0526c55f0>,<function linear at 0x7fd0526c58c0>,16,0.1,124,mae,256,64,Adam
22,0.7906429058318425,0.7906427,0.92452204,0.7226236511030262,0.7226235,0.9516992,None,<function linear at 0x7fd0526c58c0>,8,0.30000000000000004,98,mae,128,128,Adam
9,1.7188462877394892,0.9903845,0.9027151,0.22027482442204624,0.38171303,0.98570555,<function relu at 0x7fd0526c55f0>,<function linear at 0x7fd0526c58c0>,16,0.5,46,mse,64,256,Adam
23,1.1380004445003997,0.78139377,0.9418341,0.395220991854743,0.5450843,0.9759986,<function relu at 0x7fd0526c55f0>,<function linear at 0x7fd0526c58c0>,64,0.30000000000000004,124,mse,128,256,SGD
22,1.6334007710496483,0.95430046,0.9160787,0.6172150611608346,0.6466215,0.9634925,None,None,128,0.30000000000000004,46,mse,64,64,RMSprop
23,1.4481628675193883,0.89898336,0.9233041,0.3881790662861301,0.51918983,0.97582626,None,None,32,0.5,124,mse,32,64,SGD
19,1.2929441849239,0.8544069,0.9314802,0.12937322729866338,0.28485128,0.99220425,<function relu at 0x7fd0526c55f0>,<function linear at 0x7fd0526c58c0>,32,0.1,124,mse,128,64,RMSprop
15,2.7224792210705915,1.2529817,0.8550402,0.264289122671898,0.41012678,0.98366135,None,None,32,0.4,124,mse,256,32,RMSprop
7,0.8261042265592742,0.8261044,0.915677,0.38200387405757175,0.38200378,0.98424494,None,None,8,0.1,20,mae,64,32,Adam
6,2.8461296201207253,1.2770795,0.8012643,0.33240460374016256,0.5004934,0.9751678,<function relu at 0x7fd0526c55f0>,<function linear at 0x7fd0526c58c0>,8,0.4,46,mse,64,64,RMSprop
25,0.7485262584241393,0.7485263,0.94553137,0.39820359939915334,0.39820355,0.9860974,<function relu at 0x7fd0526c55f0>,<function linear at 0x7fd0526c58c0>,128,0.1,72,mae,256,128,Adam
3,1.69340018107792,0.9889597,0.9060003,0.6513459866794991,0.6607041,0.9585989,None,<function linear at 0x7fd0526c58c0>,16,0.2,20,mse,64,32,RMSprop
25,0.8336548751142694,0.8336552,0.9208918,0.5970766906275438,0.59707683,0.9642631,<function relu at 0x7fd0526c55f0>,None,8,0.30000000000000004,72,mae,256,256,RMSprop
25,0.8673740916579734,0.86737394,0.9069419,0.30324488077691125,0.30324492,0.9895525,None,<function linear at 0x7fd0526c58c0>,8,0.2,124,mae,32,32,Adam
15,1.3188525170365868,1.3188528,0.786102,0.7464149132808229,0.74641484,0.94814295,<function relu at 0x7fd0526c55f0>,<function linear at 0x7fd0526c58c0>,8,0.30000000000000004,124,mae,64,32,RMSprop
11,1.2659183172374786,1.2659184,0.85429734,0.5317416734673907,0.5317416,0.9780321,None,<function linear at 0x7fd0526c58c0>,32,0.4,72,mae,128,32,Adam
20,0.8360990378389528,0.8360989,0.93059933,0.49174979073468505,0.4917498,0.9789626,<function relu at 0x7fd0526c55f0>,<function linear at 0x7fd0526c58c0>,16,0.2,98,mae,256,128,Adam
4,1.1566886043932805,0.7936431,0.9149142,0.26543770814587786,0.4163289,0.979659,None,<function linear at 0x7fd0526c58c0>,8,0.2,20,mse,32,128,Adam
10,1.85964509205256,1.0429479,0.90337104,0.3769376333760892,0.5095868,0.9774338,None,<function linear at 0x7fd0526c58c0>,128,0.5,46,mse,32,128,RMSprop
19,1.3099564081839932,0.8498927,0.9284962,0.8681108469887727,0.8595477,0.9426438,None,<function linear at 0x7fd0526c58c0>,16,0.5,124,mse,64,64,SGD
9,1.4395564788473776,0.9142284,0.9265741,0.41702362592279507,0.51865387,0.9750462,None,<function linear at 0x7fd0526c58c0>,128,0.2,46,mse,32,64,Adam
7,0.8648905347119559,0.8648905,0.9342722,0.5988174908317239,0.5988175,0.96471065,None,None,64,0.1,20,mae,64,64,RMSprop
23,0.8553432455196333,0.85534316,0.9256333,0.888557903115421,0.8885579,0.9420733,None,<function linear at 0x7fd0526c58c0>,16,0.5,124,mae,128,256,RMSprop
9,1.1603723670892336,1.1603726,0.8404827,0.8736032800534509,0.8736033,0.93194723,None,<function linear at 0x7fd0526c58c0>,8,0.5,46,mae,256,32,SGD
17,0.8695132324916008,0.86951315,0.9235139,0.4343122671070271,0.43431225,0.9822181,<function relu at 0x7fd0526c55f0>,None,16,0.1,72,mae,128,32,SGD
24,1.4153983014634952,0.882639,0.9253839,0.9158929523173089,0.89641535,0.9438189,<function relu at 0x7fd0526c55f0>,None,32,0.2,124,mse,256,64,SGD
13,1.2984080694558966,0.84913176,0.9198908,1.6251558743534993,1.2036273,0.8687072,<function relu at 0x7fd0526c55f0>,<function linear at 0x7fd0526c58c0>,8,0.5,72,mse,32,256,SGD
64,0.6991193669645133,0.69911957,0.94948465,0.35079229799673195,0.3507923,0.988482,None,None,64,0.1,124,mae,128,64,SGD
4,1.8206159700469713,1.020424,0.9046923,1.1073351449944904,0.957123,0.9340453,<function relu at 0x7fd0526c55f0>,None,64,0.5,20,mse,32,256,SGD
11,1.5050373426223833,0.9310367,0.9024084,0.21627829925201278,0.3913158,0.9830124,<function relu at 0x7fd0526c55f0>,<function linear at 0x7fd0526c58c0>,8,0.2,72,mse,128,128,Adam
32,1.9791297031925128,1.0545447,0.8988721,0.5506904855807802,0.6617134,0.9671539,<function relu at 0x7fd0526c55f0>,None,128,0.30000000000000004,124,mse,256,32,SGD
38,1.0260034807159093,1.0260036,0.90485394,0.6096548050574739,0.60965484,0.9689004,<function relu at 0x7fd0526c55f0>,<function linear at 0x7fd0526c58c0>,128,0.5,98,mae,256,256,SGD
12,0.7451889722705191,0.74518865,0.93557966,0.6816763135165178,0.6816764,0.95347923,None,<function linear at 0x7fd0526c58c0>,8,0.1,46,mae,64,64,Adam
8,1.0092026531645764,1.0092026,0.9044413,0.3826855837491511,0.38268557,0.9851443,<function relu at 0x7fd0526c55f0>,<function linear at 0x7fd0526c58c0>,32,0.2,46,mae,64,64,RMSprop
19,1.3268755682956577,0.86312157,0.9295893,0.2820781750213481,0.44807035,0.9832096,<function relu at 0x7fd0526c55f0>,<function linear at 0x7fd0526c58c0>,32,0.30000000000000004,98,mse,64,128,SGD
17,0.8942217500256319,0.89422137,0.90564036,0.6410043649964084,0.6410044,0.96211994,<function relu at 0x7fd0526c55f0>,None,8,0.5,124,mae,256,256,SGD
5,1.275888828729754,1.275889,0.84791815,0.6115419802762585,0.6115419,0.9677378,None,<function linear at 0x7fd0526c58c0>,64,0.4,20,mae,64,32,RMSprop
3,1.000687528606994,1.0006876,0.904906,1.0021163717618644,1.0021164,0.9276046,<function relu at 0x7fd0526c55f0>,<function linear at 0x7fd0526c58c0>,16,0.30000000000000004,20,mae,64,128,RMSprop
22,1.4821008296211056,0.90900016,0.9209346,0.26234971494760795,0.42065138,0.9839697,<function relu at 0x7fd0526c55f0>,None,32,0.1,124,mse,32,32,Adam
15,1.490180153579809,0.91875255,0.9159289,0.6238925930608745,0.72603214,0.9593654,<function relu at 0x7fd0526c55f0>,<function linear at 0x7fd0526c58c0>,16,0.4,98,mse,64,256,RMSprop
9,0.7918110366996008,0.79181105,0.94163084,0.6021759407784008,0.60217595,0.9680039,None,<function linear at 0x7fd0526c58c0>,128,0.1,72,mae,32,256,RMSprop
45,1.5761222977876865,0.94739205,0.91921586,0.17890063489936545,0.34090772,0.98946476,<function relu at 0x7fd0526c55f0>,<function linear at 0x7fd0526c58c0>,128,0.5,124,mse,64,256,Adam
26,0.7124576784474451,0.71245784,0.94447696,0.6073383309502096,0.6073383,0.96997136,None,<function linear at 0x7fd0526c58c0>,16,0.1,124,mae,32,64,SGD
15,1.4299875121686902,1.4299875,0.803769,0.8426316819126396,0.84263164,0.9452286,<function relu at 0x7fd0526c55f0>,None,32,0.30000000000000004,124,mae,128,32,RMSprop
20,0.8544714813949296,0.85447156,0.9266962,0.4905245745424223,0.49052456,0.9770919,<function relu at 0x7fd0526c55f0>,<function linear at 0x7fd0526c58c0>,16,0.4,98,mae,128,256,SGD
11,0.9259985044307887,0.92599845,0.92219645,0.5072621120556213,0.5072621,0.9771815,<function relu at 0x7fd0526c55f0>,<function linear at 0x7fd0526c58c0>,64,0.4,20,mae,128,256,Adam
8,4.017940308099282,1.5097059,0.7384996,0.12590540915256698,0.28110844,0.9911434,<function relu at 0x7fd0526c55f0>,<function linear at 0x7fd0526c58c0>,8,0.30000000000000004,46,mse,256,32,Adam
24,3.3953577297233344,1.38742,0.82349646,0.14343400232275239,0.3048515,0.9915648,None,None,64,0.5,124,mse,128,32,RMSprop
5,0.9320604898244067,0.9320608,0.8986629,0.7583724299349042,0.75837255,0.94505006,<function relu at 0x7fd0526c55f0>,None,8,0.2,46,mae,128,128,RMSprop
37,0.7460153848564757,0.7460154,0.9466636,0.4088376751064447,0.40883765,0.98553,None,<function linear at 0x7fd0526c58c0>,128,0.1,124,mae,64,32,Adam
17,1.19752248982639,0.8103768,0.92120767,0.7298921724070814,0.78104025,0.93558395,<function relu at 0x7fd0526c55f0>,<function linear at 0x7fd0526c58c0>,8,0.1,124,mse,32,32,SGD
18,2.5495371418144868,1.2138338,0.86972123,0.2210371376227579,0.38249335,0.9867895,None,<function linear at 0x7fd0526c58c0>,128,0.4,46,mse,32,32,Adam
19,1.236521040210287,1.2365211,0.86136454,0.5815723602981654,0.5815724,0.97155803,None,<function linear at 0x7fd0526c58c0>,128,0.30000000000000004,20,mae,64,32,SGD
5,1.1080149740764305,1.108015,0.8596975,0.4741874284722735,0.47418737,0.9762669,None,<function linear at 0x7fd0526c58c0>,8,0.30000000000000004,20,mae,32,32,RMSprop
22,0.7391270955201424,0.7391273,0.9417435,0.2784719553610003,0.27847195,0.99212044,None,<function linear at 0x7fd0526c58c0>,16,0.2,124,mae,128,128,Adam
32,0.8193782659482916,0.81937826,0.93102664,0.5124385203518663,0.51243854,0.97789997,<function relu at 0x7fd0526c55f0>,None,16,0.1,98,mae,32,32,SGD
7,2.084694862972386,1.0955153,0.8523838,0.1836399184056383,0.34280354,0.9875846,<function relu at 0x7fd0526c55f0>,<function linear at 0x7fd0526c58c0>,8,0.4,20,mse,128,128,RMSprop
16,1.0179500267402513,0.7376193,0.94456005,0.15430604915384782,0.3085513,0.99048674,None,<function linear at 0x7fd0526c58c0>,32,0.30000000000000004,72,mse,64,256,Adam
9,3.048050265073574,1.3186961,0.82978195,0.9095887980396538,0.8878049,0.9415407,<function relu at 0x7fd0526c55f0>,None,16,0.4,46,mse,32,64,Adam
20,0.7673202908271647,0.7673204,0.93821365,0.3717465077108508,0.37174648,0.9855638,None,<function linear at 0x7fd0526c58c0>,16,0.1,124,mae,32,32,Adam
6,1.087326542010643,1.0873265,0.8963523,0.8556478316843106,0.85564786,0.9470343,None,<function linear at 0x7fd0526c58c0>,64,0.4,46,mae,64,64,RMSprop
20,1.0435573231678479,0.7499758,0.94312763,0.4084179850114388,0.5661761,0.97458225,None,None,32,0.2,72,mse,128,128,Adam
33,1.2175225697906469,1.2175226,0.86624527,0.5709126911906034,0.5709127,0.97480464,None,<function linear at 0x7fd0526c58c0>,128,0.4,98,mae,32,32,RMSprop
8,0.881402832456723,0.88140297,0.9200918,0.5393644175733993,0.5393644,0.97204125,<function relu at 0x7fd0526c55f0>,None,16,0.1,46,mae,128,64,SGD
46,0.740410694386415,0.7404106,0.9448094,0.7828255637504715,0.7828256,0.9555014,None,<function linear at 0x7fd0526c58c0>,32,0.30000000000000004,124,mae,256,256,RMSprop
33,1.312134660129531,1.3121346,0.80510986,0.8334356193886923,0.83343554,0.9364172,<function relu at 0x7fd0526c55f0>,<function linear at 0x7fd0526c58c0>,8,0.5,124,mae,32,32,SGD
14,1.0748514570959349,1.0748516,0.8549889,0.48931421315966017,0.48931426,0.9620221,None,None,8,0.5,98,mae,128,32,SGD
13,1.843184671531399,1.8431847,0.67292976,1.174317900537099,1.174318,0.8984646,<function relu at 0x7fd0526c55f0>,None,64,0.4,46,mae,128,32,SGD
3,2.993143484287084,1.3157463,0.8335055,1.655502221654285,1.2221409,0.89390355,<function relu at 0x7fd0526c55f0>,None,16,0.5,20,mse,64,128,RMSprop
22,1.6899884003921521,0.9749916,0.91252077,0.33104073651488153,0.48231637,0.97982967,None,None,128,0.4,124,mse,256,64,SGD
4,1.040180400936557,0.7373713,0.9463128,0.4620417655187051,0.58403975,0.97194445,None,<function linear at 0x7fd0526c58c0>,64,0.1,20,mse,256,128,SGD
25,2.0768866892888243,1.0920671,0.88219357,0.23297394519465772,0.37912208,0.98507005,<function relu at 0x7fd0526c55f0>,None,16,0.30000000000000004,124,mse,64,64,RMSprop
46,1.2327557526168629,0.8258774,0.93611485,0.8119437229014411,0.8407561,0.95128953,None,None,128,0.1,124,mse,128,64,RMSprop
39,1.0528610488739532,0.7505652,0.9461029,0.33369912432494064,0.49473655,0.98016405,None,<function linear at 0x7fd0526c58c0>,128,0.2,124,mse,256,128,Adam
13,0.7699958744243205,0.7699959,0.9240122,0.6327274050185159,0.63272744,0.9603662,None,<function linear at 0x7fd0526c58c0>,8,0.2,98,mae,32,64,SGD
5,2.286556572910079,1.1712946,0.8829529,0.6196935179540319,0.6808003,0.96401715,None,<function linear at 0x7fd0526c58c0>,128,0.4,20,mse,256,256,RMSprop
22,0.9028925081751324,0.9028925,0.9269864,0.40437089017766864,0.40437087,0.9846673,<function relu at 0x7fd0526c55f0>,None,128,0.30000000000000004,72,mae,128,256,RMSprop
7,1.0308160237885815,1.0308161,0.90166444,0.6192583429625018,0.6192584,0.9655081,<function relu at 0x7fd0526c55f0>,<function linear at 0x7fd0526c58c0>,32,0.4,20,mae,32,128,RMSprop
21,1.5183944936724818,1.5183946,0.77625257,0.7174881633463617,0.7174882,0.9602647,<function relu at 0x7fd0526c55f0>,<function linear at 0x7fd0526c58c0>,32,0.30000000000000004,98,mae,32,32,Adam
11,2.4282482125376927,1.1794415,0.8702723,0.3316225292451226,0.5002089,0.9795271,None,<function linear at 0x7fd0526c58c0>,32,0.5,72,mse,128,64,RMSprop
15,1.043975817540422,1.0439757,0.90138566,0.5881197919425792,0.5881198,0.96984786,None,<function linear at 0x7fd0526c58c0>,64,0.2,72,mae,64,32,SGD
14,0.8363715466348877,0.8363716,0.91151685,0.6268854304038106,0.6268853,0.960319,None,None,8,0.5,98,mae,64,256,Adam
67,0.9239343118627158,0.6849067,0.9526775,0.15048336114894187,0.30475512,0.9911405,None,<function linear at 0x7fd0526c58c0>,128,0.30000000000000004,124,mse,64,256,Adam
23,0.815587783790019,0.81558776,0.9193621,0.33977241178398476,0.33977237,0.98589337,<function relu at 0x7fd0526c55f0>,<function linear at 0x7fd0526c58c0>,8,0.4,124,mae,64,256,SGD
25,1.0013808831003785,1.0013809,0.88176334,0.6644320298263774,0.6644321,0.94571644,<function relu at 0x7fd0526c55f0>,<function linear at 0x7fd0526c58c0>,8,0.2,72,mae,32,32,Adam
23,1.5424228701377138,0.9354856,0.91258013,0.1773541183221421,0.33383417,0.9885078,<function relu at 0x7fd0526c55f0>,None,16,0.30000000000000004,72,mse,64,128,Adam
6,1.0505278286436435,0.7391678,0.94582146,0.5762631474714516,0.6663122,0.96581644,None,None,128,0.1,46,mse,32,128,SGD
4,1.430431824098511,0.8846222,0.9240402,0.5322779999629639,0.6367788,0.96664935,None,<function linear at 0x7fd0526c58c0>,32,0.4,20,mse,256,128,SGD
23,1.0100374450311507,1.0100375,0.90907544,0.34725197396213797,0.34725198,0.9891438,None,None,64,0.30000000000000004,98,mae,256,64,RMSprop
34,1.138499965497859,0.79117256,0.9406244,0.17614287415489924,0.33780155,0.9896556,<function relu at 0x7fd0526c55f0>,None,64,0.30000000000000004,98,mse,32,256,Adam
16,2.51685055460942,1.1994039,0.8686713,0.38803452239886904,0.5410324,0.97745013,<function relu at 0x7fd0526c55f0>,<function linear at 0x7fd0526c58c0>,128,0.30000000000000004,98,mse,256,64,RMSprop
38,0.7694603274493423,0.7694605,0.92991656,0.4494206437138887,0.44942066,0.97603226,None,None,8,0.4,124,mae,32,256,RMSprop
12,1.2423917909513802,1.2423918,0.8600314,0.9210985093030649,0.92109853,0.9444042,<function relu at 0x7fd0526c55f0>,None,128,0.5,72,mae,256,128,RMSprop
28,1.103921770543947,1.1039221,0.8768617,1.022519135044606,1.0225191,0.9253352,<function relu at 0x7fd0526c55f0>,None,16,0.30000000000000004,124,mae,32,32,SGD
14,0.9454690580958527,0.94546926,0.8939989,0.3987634892556522,0.3987635,0.98342484,<function relu at 0x7fd0526c55f0>,<function linear at 0x7fd0526c58c0>,8,0.30000000000000004,98,mae,256,128,RMSprop
6,0.8595019336268496,0.85950196,0.9339973,0.7780780478740115,0.77807796,0.95506203,None,None,64,0.1,20,mae,64,256,RMSprop
7,1.6029777544549808,0.9556546,0.89042825,0.23443393446252792,0.40165445,0.98297834,None,<function linear at 0x7fd0526c58c0>,8,0.5,20,mse,32,128,RMSprop
30,0.7112446399539886,0.71124476,0.9485354,0.535968335164589,0.5359683,0.9767353,None,None,64,0.2,98,mae,128,256,SGD
40,1.608887336130765,0.96064377,0.91376793,0.5942354348927534,0.701922,0.96362656,<function relu at 0x7fd0526c55f0>,<function linear at 0x7fd0526c58c0>,32,0.2,98,mse,256,64,RMSprop
17,1.6632624434858585,0.9508002,0.9138397,0.13409728931923215,0.29498622,0.992081,<function relu at 0x7fd0526c55f0>,<function linear at 0x7fd0526c58c0>,64,0.1,46,mse,32,32,Adam
10,1.129435140870202,1.1294351,0.8834811,0.32292870891282577,0.3229287,0.99046236,<function relu at 0x7fd0526c55f0>,<function linear at 0x7fd0526c58c0>,128,0.30000000000000004,20,mae,32,64,Adam
13,3.534561040039483,1.4000497,0.77130306,0.5153400337588437,0.64751846,0.9594554,<function relu at 0x7fd0526c55f0>,None,8,0.5,72,mse,256,64,RMSprop
23,0.9514119675646807,0.9514121,0.9149068,0.3308208175087621,0.33082077,0.9900265,<function relu at 0x7fd0526c55f0>,None,64,0.5,72,mae,128,256,Adam
26,0.7295112884378312,0.7295113,0.9462125,0.3735542094868946,0.3735542,0.98629504,<function relu at 0x7fd0526c55f0>,<function linear at 0x7fd0526c58c0>,128,0.2,98,mae,64,256,Adam
18,4.363839991927855,1.5524088,0.7741617,0.7950375350549581,0.82824004,0.953537,<function relu at 0x7fd0526c55f0>,<function linear at 0x7fd0526c58c0>,128,0.5,124,mse,128,64,RMSprop
12,0.8149271659470899,0.8149274,0.92187387,0.62242747860084,0.6224274,0.9541076,<function relu at 0x7fd0526c55f0>,None,8,0.1,72,mae,64,64,Adam
3,0.9229032687962915,0.92290354,0.89692277,0.8444206142802271,0.8444206,0.9289182,None,None,8,0.1,20,mae,64,32,SGD
4,4.186964723394522,1.5650572,0.74934703,0.2579835161196728,0.43573415,0.9828911,<function relu at 0x7fd0526c55f0>,<function linear at 0x7fd0526c58c0>,16,0.5,20,mse,64,64,RMSprop
6,1.4215320758237184,0.8956261,0.92739755,0.3547923143103752,0.4952731,0.97763103,<function relu at 0x7fd0526c55f0>,None,128,0.1,20,mse,64,64,RMSprop
6,1.7197279307274014,1.7197279,0.7283059,0.48339903758287966,0.48339903,0.98040444,<function relu at 0x7fd0526c55f0>,None,64,0.4,20,mae,128,32,Adam
32,0.8931249000947288,0.8931251,0.9211994,1.217941909826636,1.2179419,0.89980024,None,<function linear at 0x7fd0526c58c0>,32,0.4,98,mae,256,128,RMSprop
18,0.7181175765695968,0.7181178,0.93563956,0.5039309670908995,0.503931,0.97660404,None,None,8,0.1,72,mae,256,64,SGD
24,1.324961803796637,0.859186,0.92933595,0.1930860551767909,0.34486336,0.98810756,None,None,32,0.4,72,mse,32,128,RMSprop
10,1.5741272123310908,0.9426817,0.91866857,0.47829895047786275,0.6136856,0.97211105,<function relu at 0x7fd0526c55f0>,None,128,0.1,46,mse,128,32,RMSprop
8,0.7903045049099926,0.79030424,0.9349618,0.703589612285924,0.70358956,0.955903,None,<function linear at 0x7fd0526c58c0>,16,0.2,46,mae,32,128,RMSprop
25,0.7167668005892338,0.7167671,0.94829816,0.39506414250111205,0.39506415,0.9856078,None,<function linear at 0x7fd0526c58c0>,64,0.1,72,mae,32,128,SGD
8,1.2069852459319472,0.8279923,0.934393,0.3836624506633922,0.5288945,0.97677755,None,<function linear at 0x7fd0526c58c0>,32,0.2,46,mse,64,256,RMSprop
8,0.936437283472756,0.689482,0.9396894,0.1455728395570818,0.3073219,0.98954743,None,None,8,0.1,46,mse,256,256,Adam
11,1.459338725472629,0.9092828,0.9217501,0.1724374708688017,0.33865163,0.9896656,<function relu at 0x7fd0526c55f0>,<function linear at 0x7fd0526c58c0>,32,0.30000000000000004,72,mse,256,256,RMSprop
11,1.0081527610771528,0.7252628,0.94624877,0.2638912448831929,0.41619745,0.983737,None,None,32,0.1,46,mse,128,64,Adam
5,1.1888032799762018,0.8082555,0.93599194,0.40073640688278334,0.54404676,0.97507477,None,<function linear at 0x7fd0526c58c0>,32,0.2,20,mse,128,128,SGD
12,1.8496068730204664,1.8496069,0.6814561,0.9032730022886806,0.903273,0.9453701,<function relu at 0x7fd0526c55f0>,None,128,0.5,46,mae,32,32,RMSprop
14,5.8956229215562095,1.7865703,0.66898215,0.6663493534243133,0.7448705,0.9575802,<function relu at 0x7fd0526c55f0>,<function linear at 0x7fd0526c58c0>,16,0.5,72,mse,256,32,Adam
5,1.8432984207018237,1.0201167,0.8691754,0.33453050000134765,0.48285443,0.9717703,<function relu at 0x7fd0526c55f0>,None,8,0.5,20,mse,64,256,Adam
9,1.6111674490775771,1.6111676,0.76134884,0.37987430585426346,0.37987435,0.9873157,<function relu at 0x7fd0526c55f0>,None,64,0.4,46,mae,256,32,RMSprop
11,1.0608668413275475,0.7495505,0.9429673,0.27615484820666214,0.43232593,0.9834566,<function relu at 0x7fd0526c55f0>,None,32,0.1,46,mse,256,128,SGD
32,1.7609249800317262,1.0040722,0.9095425,0.22223583499545707,0.37658364,0.98687345,<function relu at 0x7fd0526c55f0>,None,128,0.5,124,mse,128,256,Adam
4,2.605447914359729,1.2162868,0.86527807,0.7013878923237459,0.72701824,0.9552143,None,None,128,0.30000000000000004,20,mse,128,32,SGD
18,0.734031547268535,0.7340315,0.94503504,0.29351504352238056,0.29351503,0.99125725,<function relu at 0x7fd0526c55f0>,None,32,0.1,98,mae,32,128,Adam
3,1.143983254046436,0.7866634,0.925771,0.41525380922224936,0.5545903,0.96528685,None,None,8,0.4,20,mse,64,256,Adam
12,1.578176884351897,0.96232927,0.9105619,0.517769953870881,0.6403188,0.96657354,None,<function linear at 0x7fd0526c58c0>,16,0.5,72,mse,128,128,Adam
10,1.4244923047639233,0.9073013,0.9172711,2.04239693236943,1.3580836,0.86743414,<function relu at 0x7fd0526c55f0>,<function linear at 0x7fd0526c58c0>,16,0.30000000000000004,72,mse,256,256,RMSprop
20,0.8424388654056093,0.8424389,0.93235624,0.279823441335902,0.27982342,0.99239975,None,None,32,0.4,124,mae,256,256,RMSprop
5,8.653739101710817,2.1657693,0.5097394,1.2050584091828047,1.032836,0.92194843,<function relu at 0x7fd0526c55f0>,None,16,0.5,20,mse,256,32,RMSprop
23,1.0404482876678156,1.0404483,0.8986685,0.7472656257534673,0.7472655,0.95956475,None,None,32,0.4,98,mae,256,64,RMSprop
23,1.06925533639869,0.75169724,0.94349724,0.5308239698813677,0.6502385,0.96754634,None,<function linear at 0x7fd0526c58c0>,32,0.30000000000000004,124,mse,128,128,SGD
6,3.1834428431726898,1.3268538,0.8235643,1.1292723737505703,0.9844801,0.92821085,<function relu at 0x7fd0526c55f0>,<function linear at 0x7fd0526c58c0>,16,0.4,46,mse,256,32,SGD
10,0.8362516628876897,0.83625174,0.93397886,0.43716840604088913,0.43716842,0.98313034,None,None,64,0.2,20,mae,32,128,SGD
21,0.9962254729788621,0.9962255,0.90924245,0.4551316441854559,0.45513162,0.9822421,<function relu at 0x7fd0526c55f0>,<function linear at 0x7fd0526c58c0>,64,0.4,98,mae,256,256,RMSprop
18,0.922966557604666,0.68155974,0.94700986,0.19906161762521712,0.3621362,0.98742086,None,None,16,0.1,124,mse,128,128,Adam
26,1.5638716206700243,0.93998873,0.9156792,0.37014129852064576,0.5266571,0.97688425,<function relu at 0x7fd0526c55f0>,<function linear at 0x7fd0526c58c0>,32,0.1,98,mse,256,32,RMSprop
27,1.5146520034654147,0.92681146,0.9215174,1.515064781998404,1.1744729,0.9097556,None,None,64,0.2,72,mse,256,64,RMSprop
6,1.6185204393283303,0.9549465,0.91605276,1.1782284843195103,0.9958373,0.9298376,None,None,128,0.4,46,mse,64,128,SGD
19,0.9967955600366034,0.7171298,0.92841786,0.31126805877577907,0.477363,0.97617376,None,<function linear at 0x7fd0526c58c0>,8,0.1,72,mse,256,128,RMSprop
15,0.8752043588976419,0.8752044,0.92613417,0.3420518398554008,0.34205186,0.9884797,<function relu at 0x7fd0526c55f0>,<function linear at 0x7fd0526c58c0>,32,0.4,46,mae,64,256,Adam
17,1.4658682036693063,0.9228613,0.89996564,0.3155850658432894,0.47335103,0.9739513,<function relu at 0x7fd0526c55f0>,None,8,0.2,98,mse,128,64,RMSprop
6,4.09993331648719,1.5248156,0.78523594,4.252469901306634,1.8941004,0.73703337,<function relu at 0x7fd0526c55f0>,None,128,0.5,46,mse,32,64,SGD
5,1.3534665356458901,1.353467,0.7735956,0.3584766345556918,0.35847664,0.9858406,<function relu at 0x7fd0526c55f0>,None,8,0.30000000000000004,46,mae,64,32,Adam
15,0.6997070442427004,0.69970715,0.94909304,0.3869276523051897,0.38692766,0.985916,None,None,64,0.1,46,mae,64,128,Adam
3,1.3020996812847936,1.3020997,0.84524316,0.3863834999753982,0.3863835,0.98627615,<function relu at 0x7fd0526c55f0>,<function linear at 0x7fd0526c58c0>,32,0.5,20,mae,128,128,RMSprop
11,0.7184926034840009,0.7184924,0.94648147,0.47375679554304206,0.47375682,0.9791403,None,<function linear at 0x7fd0526c58c0>,32,0.1,46,mae,128,128,SGD
12,0.782785969178893,0.7827859,0.9211347,0.6059878325220155,0.6059879,0.96239805,None,None,8,0.30000000000000004,72,mae,32,128,SGD
24,1.6044697255983102,0.9600014,0.9166056,0.48194347157166184,0.6249935,0.9705738,None,<function linear at 0x7fd0526c58c0>,64,0.30000000000000004,72,mse,128,64,RMSprop
13,1.1158944242985396,1.1158947,0.8528241,0.32605387448726336,0.32605392,0.9874134,<function relu at 0x7fd0526c55f0>,None,8,0.4,72,mae,256,128,Adam
19,1.02305490339682,0.7255892,0.9457351,0.3620146893755308,0.5118131,0.9776737,None,None,32,0.2,46,mse,32,128,Adam
10,1.8015001731165594,1.8014998,0.6751723,0.5560889224570169,0.5560889,0.97513354,<function relu at 0x7fd0526c55f0>,None,32,0.4,72,mae,64,32,Adam
13,1.156356639433352,0.7939637,0.9375201,2.045171232309621,1.3630159,0.87270814,None,None,32,0.1,46,mse,64,64,RMSprop
8,0.816809181240881,0.8168091,0.9316993,0.7322207609902117,0.73222077,0.9563433,None,None,16,0.30000000000000004,46,mae,32,128,SGD
23,1.117607737593574,0.774313,0.93760484,0.21878216790695493,0.36648935,0.98645914,<function relu at 0x7fd0526c55f0>,None,16,0.2,98,mse,32,128,SGD
47,1.2253005060733022,0.82196784,0.9372894,0.2314353991241003,0.39108092,0.9863774,<function relu at 0x7fd0526c55f0>,<function linear at 0x7fd0526c58c0>,128,0.30000000000000004,124,mse,32,256,Adam
9,0.9532943301730685,0.9532945,0.8964612,0.6626594869197088,0.6626595,0.9575593,None,None,8,0.5,46,mae,128,128,Adam
15,1.5787409117304743,0.95018166,0.8903793,0.5758158048577018,0.6842566,0.9550156,None,None,8,0.5,98,mse,64,128,RMSprop
17,1.1325246015780046,0.7788035,0.936871,0.18420070560300053,0.3463524,0.98746216,None,<function linear at 0x7fd0526c58c0>,16,0.1,98,mse,64,32,Adam
10,1.1004284460024878,0.7743976,0.93767536,0.5238910573734387,0.6345904,0.9650733,<function relu at 0x7fd0526c55f0>,None,16,0.1,72,mse,32,128,RMSprop
13,1.9536350907866888,1.063965,0.88936853,0.27933748224518906,0.44548616,0.9815539,<function relu at 0x7fd0526c55f0>,None,16,0.4,72,mse,128,128,Adam
27,1.4189067911783249,0.89211243,0.91869354,0.1516645580328345,0.305766,0.99020785,None,None,16,0.5,98,mse,32,128,Adam
20,1.00772943832391,1.0077295,0.91168165,0.6399855507415789,0.63998556,0.9629457,<function relu at 0x7fd0526c55f0>,<function linear at 0x7fd0526c58c0>,128,0.1,20,mae,64,64,SGD
30,1.2242055508522183,1.2242055,0.81129235,0.6856525876721195,0.6856526,0.9557911,None,None,8,0.5,98,mae,256,32,RMSprop
33,1.5205911842820197,0.9252154,0.9185658,0.5009330035466911,0.6231308,0.9694777,None,None,32,0.5,124,mse,32,32,SGD
23,1.2900333144687008,1.2900337,0.79357797,0.3914395039291468,0.39143953,0.98056954,None,None,8,0.5,124,mae,128,32,RMSprop
20,0.7139321650055327,0.71393216,0.94850016,0.31901897715392014,0.319019,0.9903874,None,<function linear at 0x7fd0526c58c0>,64,0.1,46,mae,32,64,Adam
29,0.9310215503811533,0.9310214,0.91883737,0.6005982052930052,0.6005982,0.9707745,<function relu at 0x7fd0526c55f0>,None,64,0.2,72,mae,128,64,SGD
6,5.6946054857802455,1.7657766,0.68165004,0.9355678176234054,0.86820734,0.9394019,<function relu at 0x7fd0526c55f0>,None,16,0.4,46,mse,32,32,RMSprop
15,3.088346289971605,1.3214965,0.7902482,0.921155068998143,0.8989395,0.92205757,None,<function linear at 0x7fd0526c58c0>,8,0.5,124,mse,32,32,Adam
30,1.1098034510276802,0.77745736,0.94130313,0.19479253514760234,0.35414386,0.9879207,<function relu at 0x7fd0526c55f0>,None,32,0.30000000000000004,124,mse,128,256,SGD
37,0.7171951006083694,0.71719515,0.94846374,0.2950044764756618,0.2950045,0.991401,<function relu at 0x7fd0526c55f0>,None,64,0.2,124,mae,64,256,Adam
18,1.2296197856503892,0.82820386,0.91555804,0.2857801510571895,0.43458346,0.95273906,<function relu at 0x7fd0526c55f0>,<function linear at 0x7fd0526c58c0>,8,0.2,72,mse,256,128,Adam
14,1.1078567074404821,0.76783544,0.9249536,1.351608710014524,1.1053306,0.8900415,<function relu at 0x7fd0526c55f0>,<function linear at 0x7fd0526c58c0>,8,0.2,124,mse,128,128,SGD
18,1.294147448483112,0.850264,0.9186218,2.3563689932597143,1.4921153,0.8441207,<function relu at 0x7fd0526c55f0>,<function linear at 0x7fd0526c58c0>,16,0.2,98,mse,256,128,RMSprop
5,3.0026070800648594,1.3319554,0.8440873,0.4210918282682148,0.5416128,0.97586113,<function relu at 0x7fd0526c55f0>,<function linear at 0x7fd0526c58c0>,128,0.4,20,mse,64,64,RMSprop
25,0.7112694972647359,0.7112695,0.9363039,0.6167551850895849,0.6167553,0.96442187,None,None,8,0.1,72,mae,32,64,Adam
16,0.6697044942821861,0.6697045,0.9412182,0.40375967111867384,0.40375972,0.9752141,None,None,8,0.1,98,mae,32,128,SGD
14,1.6990574664034208,1.6990577,0.6433402,0.7787627678692476,0.7787627,0.9424244,<function relu at 0x7fd0526c55f0>,None,8,0.5,98,mae,64,32,RMSprop
21,1.2861479184099736,0.84323514,0.92985284,1.239018320230006,1.0487624,0.92306393,None,None,32,0.2,72,mse,128,32,SGD
37,1.1618697318715296,1.1618696,0.87674475,0.7158266145811663,0.7158266,0.9602114,None,<function linear at 0x7fd0526c58c0>,128,0.5,124,mae,256,64,SGD
15,1.167994393444951,1.1679943,0.8449159,0.7281495796907567,0.7281495,0.9519102,<function relu at 0x7fd0526c55f0>,<function linear at 0x7fd0526c58c0>,8,0.30000000000000004,98,mae,256,64,RMSprop
